id,value
1,0.7564430881000229
10,0.23105387487708245
11,0.08575798300996851
12,0.07233091591584488
13,0.10998158010487143
14,0.13639599170627095
15,0.1428050412225336
2,0.8942059824203314
3,0.8188619751737317
4,0.8821611813797633
5,0.8287525900865438
6,0.289066343175829
7,0.24740040573020716
8,0.22569728008985107
9,0.29247050886700876
